##fileformat=VCFv4.1,,,,,,,,,
"##FORMAT=<ID=GQX,Number=1,Type=Integer,Description=""Minimum of {Genotype quality assuming variant position,Genotype quality assuming non-variant position}"">",,,,,,,,,
"##FORMAT=<ID=GT,Number=1,Type=String,Description=""Genotype"">",,,,,,,,,
"##FORMAT=<ID=GQ,Number=1,Type=Integer,Description=""Genotype Quality"">",,,,,,,,,
"##FORMAT=<ID=AD,Number=.,Type=Integer,Description=""Allele Depth"">",,,,,,,,,
"##FORMAT=<ID=VF,Number=1,Type=Float,Description=""Variant Frequency"">",,,,,,,,,
"##FORMAT=<ID=NL,Number=1,Type=Integer,Description=""Applied BaseCall Noise Level"">",,,,,,,,,
"##FORMAT=<ID=SB,Number=1,Type=Float,Description=""StrandBias Score"">",,,,,,,,,
"##INFO=<ID=TI,Number=.,Type=String,Description=""Transcript ID"">",,,,,,,,,
"##INFO=<ID=GI,Number=.,Type=String,Description=""Gene ID"">",,,,,,,,,
"##INFO=<ID=EXON,Number=0,Type=Flag,Description=""Exon Region"">",,,,,,,,,
"##INFO=<ID=FC,Number=.,Type=String,Description=""Functional Consequence"">",,,,,,,,,
"##INFO=<ID=DP,Number=1,Type=Integer,Description=""Total Depth"">",,,,,,,,,
"##FILTER=<ID=LowVariantFreq,Description=""Low variant frequency < 0.01"">",,,,,,,,,
"##FILTER=<ID=LowGQ,Description=""GQ below < 30.00"">",,,,,,,,,
"##FILTER=<ID=R8,Description=""IndelRepeatLength is greater than 8"">",,,,,,,,,
"##FILTER=<ID=SB,Description=""Variant strand bias too high or coverage on only one strand"">",,,,,,,,,
##annotator=MARS,,,,,,,,,
##fileDate=20160610,,,,,,,,,
##source=CallSomaticVariants 3.5.2.1,,,,,,,,,
"##CallSomaticVariants_cmdline="" -B D:\Illumina\MiSeqAnalysis\160609_M00897_0199_000000000-AM22P\Data\Intensities\BaseCalls\Alignment -g [C:\Illumina\MiSeq Reporter\Genomes\Homo_sapiens\UCSC\hg19\Sequence\WholeGenomeFASTA,] -f 0 -fo True -b 20 -q 100 -c 0 -s 0.5 -a 20 -F 20 -gVCF True -i true -r D:\Illumina\MiSeqAnalysis\160609_M00897_0199_000000000-AM22P""",,,,,,,,,
##reference=C:\Illumina\MiSeq Reporter\Genomes\Homo_sapiens\UCSC\hg19\Sequence\WholeGenomeFASTA\genome.fa,,,,,,,,,
"##contig=<ID=chr3,length=198022430>",,,,,,,,,
"##contig=<ID=chr6,length=171115067>",,,,,,,,,
"##contig=<ID=chr10,length=135534747>",,,,,,,,,
"##contig=<ID=chr12,length=133851895>",,,,,,,,,
"##contig=<ID=chr17,length=81195210>",,,,,,,,,
#CHROM,POS,ID,REF,ALT,QUAL,FILTER,INFO,FORMAT,PAT-ID36_DNA-ID45_OP_F2
chr3,41266116,.,G,A,100,PASS,"DP=8563;TI=NM_001098210,NM_001098209,NM_001904;GI=CTNNB1,CTNNB1,CTNNB1;FC=Missense_G38D,Missense_G38D,Missense_G38D;EXON",GT:GQ:AD:VF:NL:SB:GQX,"0/1:100:7663,897:0.1048:20:-100.0000:100"
chr3,41266118,.,G,A,100,PASS,"DP=8555;TI=NM_001098210,NM_001098209,NM_001904;GI=CTNNB1,CTNNB1,CTNNB1;FC=Missense_A39T,Missense_A39T,Missense_A39T;EXON",GT:GQ:AD:VF:NL:SB:GQX,"0/1:100:7743,812:0.0949:20:-100.0000:100"
chr3,41266137,.,C,T,45,PASS,"DP=8579;TI=NM_001098210,NM_001098209,NM_001904;GI=CTNNB1,CTNNB1,CTNNB1;FC=Missense_S45F,Missense_S45F,Missense_S45F;EXON",GT:GQ:AD:VF:NL:SB:GQX,"0/1:45:8447,126:0.0147:20:-25.6472:45"
chr3,41266139,.,C,T,100,PASS,"DP=8641;TI=NM_001098210,NM_001098209,NM_001904;GI=CTNNB1,CTNNB1,CTNNB1;FC=Synonymous_L46L,Synonymous_L46L,Synonymous_L46L;EXON",GT:GQ:AD:VF:NL:SB:GQX,"0/1:100:8259,380:0.0440:20:-100.0000:100"
chr3,41266157,.,C,T,100,PASS,"DP=8570;TI=NM_001098210,NM_001098209,NM_001904;GI=CTNNB1,CTNNB1,CTNNB1;FC=Missense_P52S,Missense_P52S,Missense_P52S;EXON",GT:GQ:AD:VF:NL:SB:GQX,"0/1:100:7632,934:0.1090:20:-100.0000:100"
chr3,41266163,.,G,A,100,PASS,"DP=8589;TI=NM_001098210,NM_001098209,NM_001904;GI=CTNNB1,CTNNB1,CTNNB1;FC=Missense_E54K,Missense_E54K,Missense_E54K;EXON",GT:GQ:AD:VF:NL:SB:GQX,"0/1:100:7948,639:0.0744:20:-100.0000:100"
chr3,41266173,.,T,C,100,PASS,"DP=6868;TI=NM_001098210,NM_001098209,NM_001904;GI=CTNNB1,CTNNB1,CTNNB1;FC=Missense_V57A,Missense_V57A,Missense_V57A;EXON",GT:GQ:AD:VF:NL:SB:GQX,"0/1:100:5973,895:0.1303:20:-100.0000:100"
chr6,152419912,.,G,A,100,PASS,"DP=4250;TI=NM_001122742,NM_001122741,NM_001122740,NM_000125;GI=ESR1,ESR1,ESR1,ESR1;FC=Synonymous_V533V,Synonymous_V533V,Synonymous_V533V,Synonymous_V533V;EXON",GT:GQ:AD:VF:NL:SB:GQX,"0/1:100:3292,956:0.2249:20:-100.0000:100"
chr6,152419925,.,G,A,100,PASS,"DP=4205;TI=NM_001122742,NM_001122741,NM_001122740,NM_000125;GI=ESR1,ESR1,ESR1,ESR1;FC=Missense_D538N,Missense_D538N,Missense_D538N,Missense_D538N;EXON",GT:GQ:AD:VF:NL:SB:GQX,"0/1:100:4093,112:0.0266:20:-94.4775:100"
chr10,89624224,.,G,A,100,PASS,DP=4640;TI=NM_000314;GI=PTEN;FC=Silent;EXON,GT:GQ:AD:VF:NL:SB:GQX,"0/1:100:4315,325:0.0700:20:-100.0000:100"
chr10,89624285,.,G,A,100,PASS,DP=5823;TI=NM_000314;GI=PTEN;FC=Missense_G20E;EXON,GT:GQ:AD:VF:NL:SB:GQX,"0/1:100:4445,1375:0.2361:20:-100.0000:100"
chr10,89692819,.,C,T,100,PASS,DP=3723;TI=NM_000314;GI=PTEN;FC=Synonymous_I101I;EXON,GT:GQ:AD:VF:NL:SB:GQX,"0/1:100:3632,90:0.0242:20:-67.3117:100"
chr10,89692909,.,T,G,93,SB,DP=1861;TI=NM_000314;GI=PTEN;FC=Synonymous_T131T;EXON,GT:GQ:AD:VF:NL:SB:GQX,"0/1:93:1795,51:0.0274:20:-4.3912:93"
chr10,89693083,.,CT,C,100,PASS,DP=5378;TI=NM_000314;GI=PTEN;FC=Noncoding,GT:GQ:AD:VF:NL:SB:GQX,"0/1:100:5251,127:0.0236:20:-88.1193:100"
chr10,89693119,.,A,G,100,SB,DP=2575;TI=NM_000314;GI=PTEN;FC=Silent,GT:GQ:AD:VF:NL:SB:GQX,"0/1:100:2498,73:0.0283:20:-20.0000:100"
chr10,89711833,.,AT,A,92,PASS,DP=666;TI=NM_000314;GI=PTEN;FC=Noncoding,GT:GQ:AD:VF:NL:SB:GQX,"0/1:92:638,28:0.0420:20:-39.1340:92"
chr10,89711855,.,CT,C,100,PASS,DP=670;TI=NM_000314;GI=PTEN;FC=Noncoding,GT:GQ:AD:VF:NL:SB:GQX,"0/1:100:626,44:0.0657:20:-100.0000:100"
chr10,89711959,.,C,T,100,PASS,DP=1028;TI=NM_000314;GI=PTEN;FC=Synonymous_L193L;EXON,GT:GQ:AD:VF:NL:SB:GQX,"0/1:100:346,681:0.6625:20:-100.0000:100"
chr10,89717719,.,T,G,74,SB,DP=1948;TI=NM_000314;GI=PTEN;FC=Synonymous_P248P;EXON,GT:GQ:AD:VF:NL:SB:GQX,"0/1:74:1887,48:0.0246:20:-8.5405:74"
chr10,89717722,.,G,A,100,PASS,DP=29;TI=NM_000314;GI=PTEN;FC=Synonymous_V249V;EXON,GT:GQ:AD:VF:NL:SB:GQX,"0/1:100:17,12:0.4138:20:-78.5655:100"
chr10,89717724,.,G,A,100,PASS,DP=27;TI=NM_000314;GI=PTEN;FC=Missense_C250Y;EXON,GT:GQ:AD:VF:NL:SB:GQX,"0/1:100:15,12:0.4444:20:-80.3261:100"
chr10,89720633,.,CTTTT,C,20,LowGQ;R8,DP=125;TI=NM_000314;GI=PTEN;FC=Noncoding,GT:GQ:AD:VF:NL:SB:GQX,"0/1:20:120,5:0.0400:20:-11.7075:20"
chr10,89720633,.,CTTT,C,21,LowGQ;R8,DP=122;TI=NM_000314;GI=PTEN;FC=Noncoding,GT:GQ:AD:VF:NL:SB:GQX,"0/1:21:117,5:0.0410:20:-6.0200:21"
chr10,89720633,.,CTT,C,83,R8,DP=118;TI=NM_000314;GI=PTEN;FC=Noncoding,GT:GQ:AD:VF:NL:SB:GQX,"0/1:83:106,12:0.1017:20:-15.1559:83"
chr10,89720633,.,CT,C,100,SB;R8,DP=107;TI=NM_000314;GI=PTEN;FC=Noncoding,GT:GQ:AD:VF:NL:SB:GQX,"0/1:100:82,25:0.2336:20:-7.2062:100"
chr10,89720633,.,C,CT,100,R8,DP=85;TI=NM_000314;GI=PTEN;FC=Noncoding,GT:GQ:AD:VF:NL:SB:GQX,"0/1:100:69,16:0.1882:20:-20.4907:100"
chr10,89720633,.,C,CTT,55,SB;R8,DP=85;TI=NM_000314;GI=PTEN;FC=Noncoding,GT:GQ:AD:VF:NL:SB:GQX,"0/1:55:77,8:0.0941:20:-8.8189:55"
chr10,89720907,rs555895,T,G,100,PASS,DP=266;TI=NM_000314;GI=PTEN;FC=Silent,GT:GQ:AD:VF:NL:SB:GQX,"0/1:100:72,194:0.7293:20:-100.0000:100"
chr10,89721021,.,C,T,100,PASS,DP=45;TI=NM_000314;GI=PTEN;FC=Silent,GT:GQ:AD:VF:NL:SB:GQX,"0/1:100:31,14:0.3111:20:-81.3200:100"
chr10,89721094,rs2736627,C,T,100,PASS,DP=44;TI=NM_000314;GI=PTEN;FC=Silent,GT:GQ:AD:VF:NL:SB:GQX,"0/1:100:0,44:1.0000:20:-100.0000:100"
chr10,89725230,.,AT,A,39,R8,DP=24;TI=NM_000314;GI=PTEN;FC=Noncoding;EXON,GT:GQ:AD:VF:NL:SB:GQX,"0/1:39:20,4:0.1667:20:-21.8008:39"
chr12,133249711,.,T,C,24,SB;LowGQ,DP=2434;TI=NM_006231;GI=POLE;FC=Silent,GT:GQ:AD:VF:NL:SB:GQX,"0/1:24:2393,39:0.0160:20:0.0000:24"
chr12,133249836,.,C,T,100,PASS,DP=2704;TI=NM_006231;GI=POLE;FC=Missense_A463T;EXON,GT:GQ:AD:VF:NL:SB:GQX,"0/1:100:2498,206:0.0762:20:-100.0000:100"
chr12,133250189,.,A,C,31,SB,DP=1856;TI=NM_006231;GI=POLE;FC=Missense_M444R;EXON,GT:GQ:AD:VF:NL:SB:GQX,"0/1:31:1815,34:0.0183:20:-100.0000:31"
chr12,133250250,.,G,A,100,PASS,DP=7030;TI=NM_006231;GI=POLE;FC=Missense_L424F;EXON,GT:GQ:AD:VF:NL:SB:GQX,"0/1:100:6191,839:0.1193:20:-100.0000:100"
chr12,133250280,.,C,T,100,PASS,DP=6910;TI=NM_006231;GI=POLE;FC=Missense_D414N;EXON,GT:GQ:AD:VF:NL:SB:GQX,"0/1:100:5368,1538:0.2226:20:-100.0000:100"
chr12,133250290,.,C,T,100,PASS,DP=6993;TI=NM_006231;GI=POLE;FC=Nonsense_W410X;EXON,GT:GQ:AD:VF:NL:SB:GQX,"0/1:100:5451,1542:0.2205:20:-100.0000:100"
chr12,133250348,.,C,T,100,PASS,DP=4984;TI=NM_006231;GI=POLE;FC=Silent,GT:GQ:AD:VF:NL:SB:GQX,"0/1:100:4363,620:0.1244:20:-100.0000:100"
chr12,133250361,.,G,A,100,SB,DP=3489;TI=NM_006231;GI=POLE;FC=Silent,GT:GQ:AD:VF:NL:SB:GQX,"0/1:100:3057,432:0.1238:20:-100.0000:100"
chr12,133251978,.,C,T,100,SB,DP=4932;TI=NM_006231;GI=POLE;FC=Silent,GT:GQ:AD:VF:NL:SB:GQX,"0/1:100:4198,734:0.1488:20:-13.0972:100"
chr12,133251986,.,G,A,100,PASS,DP=9214;TI=NM_006231;GI=POLE;FC=Synonymous_L408L;EXON,GT:GQ:AD:VF:NL:SB:GQX,"0/1:100:7816,1392:0.1511:20:-100.0000:100"
chr12,133252637,.,C,T,100,SB,DP=4095;TI=NM_006231;GI=POLE;FC=Silent,GT:GQ:AD:VF:NL:SB:GQX,"0/1:100:3112,982:0.2398:20:-100.0000:100"
chr12,133252641,.,C,T,100,PASS,DP=4888;TI=NM_006231;GI=POLE;FC=Silent,GT:GQ:AD:VF:NL:SB:GQX,"0/1:100:3142,1745:0.3570:20:-100.0000:100"
chr12,133252675,.,C,T,100,PASS,DP=8185;TI=NM_006231;GI=POLE;FC=Silent,GT:GQ:AD:VF:NL:SB:GQX,"0/1:100:7662,521:0.0637:20:-100.0000:100"
chr12,133252759,.,G,A,100,PASS,DP=10515;TI=NM_006231;GI=POLE;FC=Missense_S314L;EXON,GT:GQ:AD:VF:NL:SB:GQX,"0/1:100:8720,1790:0.1702:20:-100.0000:100"
chr12,133252796,rs4077170,C,G,100,PASS,DP=3247;TI=NM_006231;GI=POLE;FC=Silent,GT:GQ:AD:VF:NL:SB:GQX,"0/1:100:1782,1459:0.4493:20:-100.0000:100"
chr12,133253092,.,C,T,100,PASS,DP=2704;TI=NM_006231;GI=POLE;FC=Silent,GT:GQ:AD:VF:NL:SB:GQX,"0/1:100:1413,1291:0.4774:20:-100.0000:100"
chr12,133253094,.,C,T,100,PASS,DP=2745;TI=NM_006231;GI=POLE;FC=Silent,GT:GQ:AD:VF:NL:SB:GQX,"0/1:100:1442,1303:0.4747:20:-100.0000:100"
chr12,133253113,.,C,T,100,PASS,DP=4265;TI=NM_006231;GI=POLE;FC=Silent,GT:GQ:AD:VF:NL:SB:GQX,"0/1:100:2970,1291:0.3027:20:-100.0000:100"
chr17,7572957,.,C,T,100,PASS,"DP=532;TI=NM_001126116,NM_001126115,NM_001126117,NM_001126113,NM_001126112,NM_001126114,NM_000546;GI=TP53,TP53,TP53,TP53,TP53,TP53,TP53;FC=Silent,Missense_M252I,Silent,Silent,Missense_M384I,Silent,Missense_M384I;EXON",GT:GQ:AD:VF:NL:SB:GQX,"0/1:100:502,30:0.0564:20:-24.6267:100"
chr17,7572980,.,T,G,100,SB,"DP=380;TI=NM_001126116,NM_001126115,NM_001126117,NM_001126113,NM_001126112,NM_001126114,NM_000546;GI=TP53,TP53,TP53,TP53,TP53,TP53,TP53;FC=Silent,Missense_T245P,Silent,Silent,Missense_T377P,Silent,Missense_T377P;EXON",GT:GQ:AD:VF:NL:SB:GQX,"0/1:100:351,29:0.0763:20:-0.1419:100"
chr17,7572996,.,G,T,45,SB,"DP=368;TI=NM_001126116,NM_001126115,NM_001126117,NM_001126113,NM_001126112,NM_001126114,NM_000546;GI=TP53,TP53,TP53,TP53,TP53,TP53,TP53;FC=Silent,Synonymous_S239S,Silent,Silent,Synonymous_S371S,Silent,Synonymous_S371S;EXON",GT:GQ:AD:VF:NL:SB:GQX,"0/1:45:353,14:0.0380:20:-0.1418:45"
chr17,7572998,.,A,T,24,SB;LowGQ,"DP=360;TI=NM_001126116,NM_001126115,NM_001126117,NM_001126113,NM_001126112,NM_001126114,NM_000546;GI=TP53,TP53,TP53,TP53,TP53,TP53,TP53;FC=Silent,Missense_S239T,Silent,Silent,Missense_S371T,Silent,Missense_S371T;EXON",GT:GQ:AD:VF:NL:SB:GQX,"0/1:24:345,10:0.0278:20:-0.1230:24"
chr17,7572999,.,C,T,63,SB,"DP=375;TI=NM_001126116,NM_001126115,NM_001126117,NM_001126113,NM_001126112,NM_001126114,NM_000546;GI=TP53,TP53,TP53,TP53,TP53,TP53,TP53;FC=Silent,Synonymous_K238K,Silent,Silent,Synonymous_K370K,Silent,Synonymous_K370K;EXON",GT:GQ:AD:VF:NL:SB:GQX,"0/1:63:353,17:0.0453:20:-0.1464:63"
chr17,7573922,.,C,T,36,PASS,"DP=3603;TI=NM_001126116,NM_001126115,NM_001126117,NM_001126113,NM_001126112,NM_001126114,NM_000546;GI=TP53,TP53,TP53,TP53,TP53,TP53,TP53;FC=Silent,Silent,Silent,Silent,Silent,Silent,Silent",GT:GQ:AD:VF:NL:SB:GQX,"0/1:36:3544,59:0.0164:20:-20.9890:36"
chr17,7573974,.,C,T,47,PASS,"DP=3637;TI=NM_001126116,NM_001126115,NM_001126117,NM_001126113,NM_001126112,NM_001126114,NM_000546;GI=TP53,TP53,TP53,TP53,TP53,TP53,TP53;FC=Silent,Synonymous_K219K,Silent,Silent,Synonymous_K351K,Silent,Synonymous_K351K;EXON",GT:GQ:AD:VF:NL:SB:GQX,"0/1:47:3571,64:0.0176:20:-25.8285:47"
chr17,7573986,.,G,A,100,PASS,"DP=3590;TI=NM_001126116,NM_001126115,NM_001126117,NM_001126113,NM_001126112,NM_001126114,NM_000546;GI=TP53,TP53,TP53,TP53,TP53,TP53,TP53;FC=Silent,Synonymous_A215A,Silent,Silent,Synonymous_A347A,Silent,Synonymous_A347A;EXON",GT:GQ:AD:VF:NL:SB:GQX,"0/1:100:3363,227:0.0632:20:-100.0000:100"
chr17,7573987,.,G,A,100,PASS,"DP=3570;TI=NM_001126116,NM_001126115,NM_001126117,NM_001126113,NM_001126112,NM_001126114,NM_000546;GI=TP53,TP53,TP53,TP53,TP53,TP53,TP53;FC=Silent,Missense_A215V,Silent,Silent,Missense_A347V,Silent,Missense_A347V;EXON",GT:GQ:AD:VF:NL:SB:GQX,"0/1:100:3338,232:0.0650:20:-100.0000:100"
chr17,7576528,.,A,G,100,PASS,"DP=64;TI=NM_001126116,NM_001126115,NM_001126117,NM_001126113,NM_001126112,NM_001126114,NM_000546;GI=TP53,TP53,TP53,TP53,TP53,TP53,TP53;FC=Silent,Silent,Silent,Silent,Silent,Silent,Silent;EXON",GT:GQ:AD:VF:NL:SB:GQX,"0/1:100:53,11:0.1719:20:-46.6879:100"
chr17,7577033,.,C,T,100,PASS,"DP=4231;TI=NM_001126116,NM_001126115,NM_001126117,NM_001126113,NM_001126112,NM_001126114,NM_000546;GI=TP53,TP53,TP53,TP53,TP53,TP53,TP53;FC=Missense_G170E,Missense_G170E,Missense_G170E,Missense_G302E,Missense_G302E,Missense_G302E,Missense_G302E;EXON",GT:GQ:AD:VF:NL:SB:GQX,"0/1:100:3453,778:0.1839:20:-100.0000:100"
chr17,7577143,.,C,T,100,PASS,"DP=4253;TI=NM_001126116,NM_001126115,NM_001126117,NM_001126113,NM_001126112,NM_001126114,NM_000546;GI=TP53,TP53,TP53,TP53,TP53,TP53,TP53;FC=Synonymous_L133L,Synonymous_L133L,Synonymous_L133L,Synonymous_L265L,Synonymous_L265L,Synonymous_L265L,Synonymous_L265L;EXON",GT:GQ:AD:VF:NL:SB:GQX,"0/1:100:3518,733:0.1723:20:-100.0000:100"
chr17,7577479,.,G,A,100,PASS,"DP=7001;TI=NM_001126116,NM_001126115,NM_001126117,NM_001126113,NM_001126112,NM_001126114,NM_000546;GI=TP53,TP53,TP53,TP53,TP53,TP53,TP53;FC=Silent,Silent,Silent,Silent,Silent,Silent,Silent",GT:GQ:AD:VF:NL:SB:GQX,"0/1:100:6590,411:0.0587:20:-100.0000:100"
chr17,7577514,.,G,A,100,PASS,"DP=7038;TI=NM_001126116,NM_001126115,NM_001126117,NM_001126113,NM_001126112,NM_001126114,NM_000546;GI=TP53,TP53,TP53,TP53,TP53,TP53,TP53;FC=Missense_T124I,Missense_T124I,Missense_T124I,Missense_T256I,Missense_T256I,Missense_T256I,Missense_T256I;EXON",GT:GQ:AD:VF:NL:SB:GQX,"0/1:100:4633,2402:0.3413:20:-100.0000:100"
chr17,7577522,.,G,A,100,PASS,"DP=7023;TI=NM_001126116,NM_001126115,NM_001126117,NM_001126113,NM_001126112,NM_001126114,NM_000546;GI=TP53,TP53,TP53,TP53,TP53,TP53,TP53;FC=Synonymous_T121T,Synonymous_T121T,Synonymous_T121T,Synonymous_T253T,Synonymous_T253T,Synonymous_T253T,Synonymous_T253T;EXON",GT:GQ:AD:VF:NL:SB:GQX,"0/1:100:4645,2377:0.3385:20:-100.0000:100"
chr17,7577531,.,G,A,100,PASS,"DP=6977;TI=NM_001126116,NM_001126115,NM_001126117,NM_001126113,NM_001126112,NM_001126114,NM_000546;GI=TP53,TP53,TP53,TP53,TP53,TP53,TP53;FC=Synonymous_P118P,Synonymous_P118P,Synonymous_P118P,Synonymous_P250P,Synonymous_P250P,Synonymous_P250P,Synonymous_P250P;EXON",GT:GQ:AD:VF:NL:SB:GQX,"0/1:100:6437,538:0.0771:20:-100.0000:100"
chr17,7577588,.,G,A,100,PASS,"DP=7004;TI=NM_001126116,NM_001126115,NM_001126117,NM_001126113,NM_001126112,NM_001126114,NM_000546;GI=TP53,TP53,TP53,TP53,TP53,TP53,TP53;FC=Synonymous_T99T,Synonymous_T99T,Synonymous_T99T,Synonymous_T231T,Synonymous_T231T,Synonymous_T231T,Synonymous_T231T;EXON",GT:GQ:AD:VF:NL:SB:GQX,"0/1:100:6509,495:0.0707:20:-100.0000:100"
chr17,7578280,.,G,A,100,PASS,"DP=3361;TI=NM_001126116,NM_001126115,NM_001126117,NM_001126113,NM_001126112,NM_001126114,NM_000546;GI=TP53,TP53,TP53,TP53,TP53,TP53,TP53;FC=Missense_P58L,Missense_P58L,Missense_P58L,Missense_P190L,Missense_P190L,Missense_P190L,Missense_P190L;EXON",GT:GQ:AD:VF:NL:SB:GQX,"0/1:100:1049,2312:0.6879:20:-100.0000:100"
chr17,7578411,.,C,T,100,PASS,"DP=2290;TI=NM_001126116,NM_001126115,NM_001126117,NM_001126113,NM_001126112,NM_001126114,NM_000546;GI=TP53,TP53,TP53,TP53,TP53,TP53,TP53;FC=Synonymous_V41V,Synonymous_V41V,Synonymous_V41V,Synonymous_V173V,Synonymous_V173V,Synonymous_V173V,Synonymous_V173V;EXON",GT:GQ:AD:VF:NL:SB:GQX,"0/1:100:1990,298:0.1301:20:-100.0000:100"
chr17,7578533,.,T,C,52,PASS,"DP=1813;TI=NM_001126116,NM_001126115,NM_001126117,NM_001126113,NM_001126112,NM_001126114,NM_000546;GI=TP53,TP53,TP53,TP53,TP53,TP53,TP53;FC=Missense_M1V,Missense_M1V,Missense_M1V,Missense_M133V,Missense_M133V,Missense_M133V,Missense_M133V;EXON",GT:GQ:AD:VF:NL:SB:GQX,"0/1:52:1773,40:0.0221:20:-21.6797:52"
chr17,7578570,.,G,A,100,PASS,"DP=1792;TI=NM_001126116,NM_001126115,NM_001126117,NM_001126113,NM_001126112,NM_001126114,NM_000546;GI=TP53,TP53,TP53,TP53,TP53,TP53,TP53;FC=Silent,Silent,Silent,Silent,Silent,Silent,Silent;EXON",GT:GQ:AD:VF:NL:SB:GQX,"0/1:100:1260,532:0.2969:20:-100.0000:100"
chr17,7579321,.,C,T,72,PASS,"DP=4549;TI=NM_001126113,NM_001126112,NM_001126114,NM_000546;GI=TP53,TP53,TP53,TP53;FC=Synonymous_V122V,Synonymous_V122V,Synonymous_V122V,Synonymous_V122V;EXON",GT:GQ:AD:VF:NL:SB:GQX,"0/1:72:4459,86:0.0189:20:-36.9258:72"
chr17,7579375,.,C,T,100,PASS,"DP=4527;TI=NM_001126113,NM_001126112,NM_001126114,NM_000546;GI=TP53,TP53,TP53,TP53;FC=Synonymous_Q104Q,Synonymous_Q104Q,Synonymous_Q104Q,Synonymous_Q104Q;EXON",GT:GQ:AD:VF:NL:SB:GQX,"0/1:100:3950,576:0.1272:20:-100.0000:100"
chr17,7579420,.,G,A,100,PASS,"DP=4449;TI=NM_001126113,NM_001126112,NM_001126114,NM_000546;GI=TP53,TP53,TP53,TP53;FC=Synonymous_P89P,Synonymous_P89P,Synonymous_P89P,Synonymous_P89P;EXON",GT:GQ:AD:VF:NL:SB:GQX,"0/1:100:3434,1012:0.2275:20:-100.0000:100"
chr17,7579427,.,G,A,100,PASS,"DP=4530;TI=NM_001126113,NM_001126112,NM_001126114,NM_000546;GI=TP53,TP53,TP53,TP53;FC=Missense_P87L,Missense_P87L,Missense_P87L,Missense_P87L;EXON",GT:GQ:AD:VF:NL:SB:GQX,"0/1:100:3652,878:0.1938:20:-100.0000:100"
chr17,7579430,.,G,A,100,PASS,"DP=4493;TI=NM_001126113,NM_001126112,NM_001126114,NM_000546;GI=TP53,TP53,TP53,TP53;FC=Missense_A86V,Missense_A86V,Missense_A86V,Missense_A86V;EXON",GT:GQ:AD:VF:NL:SB:GQX,"0/1:100:3606,887:0.1974:20:-100.0000:100"
chr17,7579463,.,G,A,100,PASS,"DP=7975;TI=NM_001126113,NM_001126112,NM_001126114,NM_000546;GI=TP53,TP53,TP53,TP53;FC=Missense_P75L,Missense_P75L,Missense_P75L,Missense_P75L;EXON",GT:GQ:AD:VF:NL:SB:GQX,"0/1:100:6100,1875:0.2351:20:-100.0000:100"
chr17,7579472,rs1042522,G,C,100,PASS,"DP=7881;TI=NM_001126113,NM_001126112,NM_001126114,NM_000546;GI=TP53,TP53,TP53,TP53;FC=Missense_P72R,Missense_P72R,Missense_P72R,Missense_P72R;EXON",GT:GQ:AD:VF:NL:SB:GQX,"0/1:100:43,7832:0.9938:20:-100.0000:100"
chr17,7579548,rs1800371,G,A,100,PASS,"DP=8009;TI=NM_001126113,NM_001126112,NM_001126114,NM_000546;GI=TP53,TP53,TP53,TP53;FC=Missense_P47S,Missense_P47S,Missense_P47S,Missense_P47S;EXON",GT:GQ:AD:VF:NL:SB:GQX,"0/1:100:6804,1203:0.1502:20:-100.0000:100"
chr17,7579549,.,G,A,100,PASS,"DP=8021;TI=NM_001126113,NM_001126112,NM_001126114,NM_000546;GI=TP53,TP53,TP53,TP53;FC=Synonymous_S46S,Synonymous_S46S,Synonymous_S46S,Synonymous_S46S;EXON",GT:GQ:AD:VF:NL:SB:GQX,"0/1:100:7144,876:0.1092:20:-100.0000:100"
chr17,7579550,.,G,A,100,PASS,"DP=7953;TI=NM_001126113,NM_001126112,NM_001126114,NM_000546;GI=TP53,TP53,TP53,TP53;FC=Missense_S46F,Missense_S46F,Missense_S46F,Missense_S46F;EXON",GT:GQ:AD:VF:NL:SB:GQX,"0/1:100:7316,634:0.0797:20:-100.0000:100"
chr17,7579558,.,C,T,21,LowGQ,"DP=7997;TI=NM_001126113,NM_001126112,NM_001126114,NM_000546;GI=TP53,TP53,TP53,TP53;FC=Synonymous_L43L,Synonymous_L43L,Synonymous_L43L,Synonymous_L43L;EXON",GT:GQ:AD:VF:NL:SB:GQX,"0/1:21:7890,103:0.0129:20:-13.6319:21"
chr17,7579566,.,C,T,100,PASS,"DP=7898;TI=NM_001126113,NM_001126112,NM_001126114,NM_000546;GI=TP53,TP53,TP53,TP53;FC=Missense_D41N,Missense_D41N,Missense_D41N,Missense_D41N;EXON",GT:GQ:AD:VF:NL:SB:GQX,"0/1:100:7376,520:0.0658:20:-100.0000:100"
chr17,7579575,.,G,A,100,PASS,"DP=7986;TI=NM_001126113,NM_001126112,NM_001126114,NM_000546;GI=TP53,TP53,TP53,TP53;FC=Nonsense_Q38X,Nonsense_Q38X,Nonsense_Q38X,Nonsense_Q38X;EXON",GT:GQ:AD:VF:NL:SB:GQX,"0/1:100:6573,1413:0.1769:20:-100.0000:100"
chr17,7579577,.,G,A,100,PASS,"DP=7901;TI=NM_001126113,NM_001126112,NM_001126114,NM_000546;GI=TP53,TP53,TP53,TP53;FC=Missense_S37F,Missense_S37F,Missense_S37F,Missense_S37F;EXON",GT:GQ:AD:VF:NL:SB:GQX,"0/1:100:6730,1169:0.1480:20:-100.0000:100"
chr17,7579706,.,G,A,25,LowGQ,"DP=235;TI=NM_001126113,NM_001126112,NM_001126114,NM_000546;GI=TP53,TP53,TP53,TP53;FC=Synonymous_N30N,Synonymous_N30N,Synonymous_N30N,Synonymous_N30N;EXON",GT:GQ:AD:VF:NL:SB:GQX,"0/1:25:227,8:0.0340:20:-9.9566:25"
chr17,7579784,.,G,A,43,PASS,"DP=243;TI=NM_001126113,NM_001126112,NM_001126114,NM_000546;GI=TP53,TP53,TP53,TP53;FC=Silent,Silent,Silent,Silent",GT:GQ:AD:VF:NL:SB:GQX,"0/1:43:232,11:0.0453:20:-14.3863:43"
chr17,7579801,rs1642785,G,C,100,PASS,"DP=224;TI=NM_001126113,NM_001126112,NM_001126114,NM_000546;GI=TP53,TP53,TP53,TP53;FC=Silent,Silent,Silent,Silent",GT:GQ:AD:VF:NL:SB:GQX,"0/1:100:19,205:0.9152:20:-100.0000:100"
chr17,7579860,.,G,A,100,PASS,"DP=6678;TI=NM_001126113,NM_001126112,NM_001126114,NM_000546;GI=TP53,TP53,TP53,TP53;FC=Missense_T18I,Missense_T18I,Missense_T18I,Missense_T18I;EXON",GT:GQ:AD:VF:NL:SB:GQX,"0/1:100:6250,427:0.0639:20:-100.0000:100"
